{
  "display": {
    "icon": {
      "item": "minecraft:potion"
    },
    "title": {
      "translate": "advancements.nether.brew_potion.title"
    },
    "description": {
      "translate": "advancements.nether.brew_potion.description"
    },
    "frame": "task",
    "show_toast": true,
    "announce_to_chat": true,
    "hidden": false
  },
  "parent": "custom_adventure:out/nether/craft_a_brewing_stand",
  "criteria": {
    "potion": {
      "trigger": "minecraft:brewed_potion",
      "conditions": {}
    }
  },
  "requirements": [
    [
      "potion"
    ]
  ]
}
