{
  "display": {
    "icon": {
      "item": "minecraft:netherite_chestplate",
      "nbt": "{Damage:0}"
    },
    "title": {
      "translate": "advancements.nether.netherite_armor.title"
    },
    "description": {
      "translate": "advancements.nether.netherite_armor.description"
    },
    "frame": "challenge",
    "show_toast": true,
    "announce_to_chat": true,
    "hidden": false
  },
  "parent": "custom_adventure:out/nether/craft_netherite_ingot",
  "criteria": {
    "netherite_armor": {
      "trigger": "minecraft:inventory_changed",
      "conditions": {
        "items": [
          {
            "items": [
              "minecraft:netherite_helmet"
            ]
          },
          {
            "items": [
              "minecraft:netherite_chestplate"
            ]
          },
          {
            "items": [
              "minecraft:netherite_leggings"
            ]
          },
          {
            "items": [
              "minecraft:netherite_boots"
            ]
          }
        ]
      }
    }
  },
  "requirements": [
    [
      "netherite_armor"
    ]
  ],
  "rewards": {
    "experience": 100
  }
}
