{
  "display": {
    "icon": {
      "item": "minecraft:lodestone"
    },
    "title": {
      "translate": "advancements.nether.use_lodestone.title"
    },
    "description": {
      "translate": "advancements.nether.use_lodestone.description"
    },
    "frame": "task",
    "a": null,
    "show_toast": true,
    "announce_to_chat": true,
    "hidden": false
  },
  "parent": "custom_adventure:out/nether/craft_netherite_ingot",
  "criteria": {
    "use_lodestone": {
      "trigger": "minecraft:item_used_on_block",
      "conditions": {
        "item": {
          "items": [
            "minecraft:compass"
          ]
        },
        "location": {
          "block": {
            "blocks": [
              "minecraft:lodestone"
            ]
          }
        }
      }
    }
  },
  "requirements": [
    [
      "use_lodestone"
    ]
  ]
}
