{
  "criteria": {
    "shot_crossbow": {
      "trigger": "minecraft:shot_crossbow",
      "conditions": {
        "item": {
          "item": "minecraft:crossbow"
        },
        "player": [
          {
            "condition": "alternative",
            "terms": [
              {
                "condition": "entity_properties",
                "entity": "this",
                "predicate": {
                  "equipment": {
                    "mainhand": {
                      "item": "minecraft:crossbow",
                      "enchantments": [
                        {
                          "enchantment": "minecraft:power"
                        }
                      ]
                    }
                  }
                }
              },
              {
                "condition": "entity_properties",
                "entity": "this",
                "predicate": {
                  "equipment": {
                    "offhand": {
                      "item": "minecraft:crossbow",
                      "enchantments": [
                        {
                          "enchantment": "minecraft:power"
                        }
                      ]
                    }
                  }
                }
              }
            ]
          }
        ]
      }
    }
  },
  "rewards": { "function": "ench_limit_break:advancements/crossbow/power" }
}