{
    "display": {
        "icon": {
            "item": "minecraft:goat_spawn_egg"
        },
        "title": {"translate":"Billy the Kid"},
        "description": {"translate":"Breed two Goats together using Wheat"}
    },
    "parent": "blazeandcave:animal/goat_out_of_here",
	"rewards": {
		"function": "bc_rewards:animal/billy_the_kid"
    },		
    "criteria": {
        "goat": {
            "trigger": "minecraft:bred_animals",
            "conditions": {
				"parent": {
					"type": "minecraft:goat"
				},
				"partner": {
					"type": "minecraft:goat"
				}
            }
        }
    }
}