{
    "display": {
        "icon": {
            "item": "minecraft:parrot_spawn_egg"
        },
        "title": {"translate":"Birdkeeper"},
        "description": {"color":"#75E1FF","translate":"Tame all parrot variants"},
		"frame": "goal"
    },
    "parent": "blazeandcave:animal/chatterbox",
	"rewards": {
		"function": "bc_rewards:animal/birdkeeper"
    },		
    "criteria": {
        "red": {
            "trigger": "minecraft:tame_animal",
            "conditions": {
                "entity": {
                    "type": "minecraft:parrot",
					"nbt": "{Variant:0}"
                }
			}
        },
        "blue": {
            "trigger": "minecraft:tame_animal",
            "conditions": {
                "entity": {
                    "type": "minecraft:parrot",
					"nbt": "{Variant:1}"
                }
			}
        },
        "green": {
            "trigger": "minecraft:tame_animal",
            "conditions": {
                "entity": {
                    "type": "minecraft:parrot",
					"nbt": "{Variant:2}"
                }
			}
        },
        "cyan": {
            "trigger": "minecraft:tame_animal",
            "conditions": {
                "entity": {
                    "type": "minecraft:parrot",
					"nbt": "{Variant:3}"
                }
			}
        },
        "gray": {
            "trigger": "minecraft:tame_animal",
            "conditions": {
                "entity": {
                    "type": "minecraft:parrot",
					"nbt": "{Variant:4}"
                }
			}
        }
    }
}