{
    "display": {
        "icon": {
            "item": "minecraft:cooked_porkchop"
        },
        "title": {"translate":"Pork Chop"},
        "description": {"translate":"You know kung fu, how about pork chop?"}
    },
    "parent": "blazeandcave:animal/bacon",
	"rewards": {
		"function": "bc_rewards:animal/pork_chop"
    },		
    "criteria": {
        "cooked_porkchop": {
            "trigger": "minecraft:consume_item",
            "conditions": {
                "item": {
					"items": [
						"minecraft:cooked_porkchop"
					]
                }
            }
        }
    }
}