{
    "display": {
        "icon": {
            "item": "minecraft:cod"
        },
        "title": {"translate":"Sushi"},
        "description": {"translate":"Eat some raw fish"}
    },
    "parent": "blazeandcave:animal/delicious_fish",
	"rewards": {
		"function": "bc_rewards:animal/sushi"
    },		
    "criteria": {
        "cod": {
            "trigger": "minecraft:consume_item",
            "conditions": {
                "item": {
					"items": [
						"minecraft:cod"
					]
                }
            }
        }
    }
}