{
    "display": {
        "icon": {
            "item": "minecraft:honey_bottle"
        },
        "title": {"translate":"Winnie the Pooh"},
        "description": {"translate":"Drink some honey"}
    },
    "parent": "minecraft:husbandry/safely_harvest_honey",
	"rewards": {
		"function": "bc_rewards:animal/winnie_the_pooh"
    },		
    "criteria": {
        "honey_bottle": {
            "trigger": "minecraft:consume_item",
            "conditions": {
                "item": {
					"items": [
						"minecraft:honey_bottle"
					]
                }
            }
        }
    }
}