{
    "condition": "alternative",
    "terms": [
        {
            "condition": "entity_properties",
            "entity": "this",
            "predicate": {
                "type": "item",
                "nbt": "{Item:{id:\"minecraft:leather_chestplate\"}}"
            }
        },
        {
            "condition": "entity_properties",
            "entity": "this",
            "predicate": {
                "type": "item",
                "nbt": "{Item:{id:\"minecraft:chainmail_chestplate\"}}"
            }
        },
        {
            "condition": "entity_properties",
            "entity": "this",
            "predicate": {
                "type": "item",
                "nbt": "{Item:{id:\"minecraft:iron_chestplate\"}}"
            }
        },
        {
            "condition": "entity_properties",
            "entity": "this",
            "predicate": {
                "type": "item",
                "nbt": "{Item:{id:\"minecraft:golden_chestplate\"}}"
            }
        },
        {
            "condition": "entity_properties",
            "entity": "this",
            "predicate": {
                "type": "item",
                "nbt": "{Item:{id:\"minecraft:diamond_chestplate\"}}"
            }
        },
        {
            "condition": "entity_properties",
            "entity": "this",
            "predicate": {
                "type": "item",
                "nbt": "{Item:{id:\"minecraft:netherite_chestplate\"}}"
            }
        }
    ]
}