{
    "condition": "alternative",
    "terms": [
        {
            "condition": "entity_properties",
            "entity": "this",
            "predicate": {
                "type": "item",
                "nbt": "{Item:{id:\"minecraft:wooden_hoe\"}}"
            }
        },
        {
            "condition": "entity_properties",
            "entity": "this",
            "predicate": {
                "type": "item",
                "nbt": "{Item:{id:\"minecraft:stone_hoe\"}}"
            }
        },
        {
            "condition": "entity_properties",
            "entity": "this",
            "predicate": {
                "type": "item",
                "nbt": "{Item:{id:\"minecraft:iron_hoe\"}}"
            }
        },
        {
            "condition": "entity_properties",
            "entity": "this",
            "predicate": {
                "type": "item",
                "nbt": "{Item:{id:\"minecraft:golden_hoe\"}}"
            }
        },
        {
            "condition": "entity_properties",
            "entity": "this",
            "predicate": {
                "type": "item",
                "nbt": "{Item:{id:\"minecraft:diamond_hoe\"}}"
            }
        },
        {
            "condition": "entity_properties",
            "entity": "this",
            "predicate": {
                "type": "item",
                "nbt": "{Item:{id:\"minecraft:netherite_hoe\"}}"
            }
        }
    ]
}