{
    "condition": "alternative",
    "terms": [
        {
            "condition": "reference",
            "name": "ench_limit_break:enchant_items/hoe"
        },
        {
            "condition": "reference",
            "name": "ench_limit_break:enchant_items/pickaxe"
        },
        {
            "condition": "reference",
            "name": "ench_limit_break:enchant_items/shovel"
        },
        {
            "condition": "entity_properties",
            "entity": "this",
            "predicate": {
                "type": "item",
                "nbt": "{Item:{id:\"minecraft:shears\"}}"
            }
        }
    ]
}