{
    "display": {
        "icon": {
            "item": "minecraft:hay_block"
        },
        "title": {"translate":"Hay there!"},
        "description": {"color":"#75E1FF","translate":"Craft a stack of hay blocks"},
		"frame": "goal"
    },
    "parent": "blazeandcave:farming/the_lie",
    "rewards": {
		"function": "bc_rewards:farming/hay_there"
    },		
    "criteria": {
        "hay_block": {
            "trigger": "minecraft:inventory_changed",
            "conditions": {
                "items": [
                    {
						"items": [
							"minecraft:hay_block"
						],
						"count": 64
                    }
                ]
            }
        }		
    }	
}