{
    "display": {
        "icon": {
            "item": "minecraft:podzol"
        },
        "title": {"translate":"Natural Fertiliser"},
        "description": {"translate":"Fill up a composter"}
    },
    "parent": "blazeandcave:farming/the_garbage_will_do",
	"rewards": {
		"function": "bc_rewards:farming/natural_fertiliser"
    },
    "criteria": {
        "fill_composter": {
			"trigger": "minecraft:item_used_on_block",
			"conditions": {
				"location": {
					"block": {
						"blocks": [
							"minecraft:composter"
						],
						"state": {
							"level": 7
						}
					}
				}
			}
		}
    }
}