{
    "display": {
        "icon": {
            "item": "minecraft:acacia_sapling"
        },
        "title": {"translate":"One-course meal"},
        "description": {"translate":"Use bone meal to grow a sapling into a tree"}
    },
    "parent": "blazeandcave:farming/natural_fertiliser",
	"rewards": {
		"function": "bc_rewards:farming/one_course_meal"
    },
    "criteria": {
        "bone_meal": {
			"trigger": "minecraft:item_used_on_block",
			"conditions": {
				"location": {
					"block": {
						"tag": "minecraft:logs_that_burn"
					}
				},
				"item": {
					"items": [
						"minecraft:bone_meal"
					]
				}
			}
		}
    }
}