{
    "display": {
        "icon": {
            "item": "minecraft:lime_shulker_box"
        },
        "title": {"translate":"Somewhere Over The Rainbow..."},
        "description": {"color":"#75E1FF","translate":"Craft all 16 shulker box types"},
		"frame": "goal"
    },
    "parent": "blazeandcave:end/organizational_wizard",
    "rewards": {
		"function": "bc_rewards:end/somewhere_over_the_rainbow"
    },		
    "criteria": {
        "white_shulker_box": {
            "trigger": "minecraft:inventory_changed",
            "conditions": {
                "items": [
                    {
						"items": [
							"minecraft:white_shulker_box"
						]
                    }
                ]
            }
        },
        "orange_shulker_box": {
            "trigger": "minecraft:inventory_changed",
            "conditions": {
                "items": [
                    {
						"items": [
							"minecraft:orange_shulker_box"
						]
                    }
                ]
            }
        },
        "magenta_shulker_box": {
            "trigger": "minecraft:inventory_changed",
            "conditions": {
                "items": [
                    {
						"items": [
							"minecraft:magenta_shulker_box"
						]
                    }
                ]
            }
        },
        "light_blue_shulker_box": {
            "trigger": "minecraft:inventory_changed",
            "conditions": {
                "items": [
                    {
						"items": [
							"minecraft:light_blue_shulker_box"
						]
                    }
                ]
            }
        },
        "yellow_shulker_box": {
            "trigger": "minecraft:inventory_changed",
            "conditions": {
                "items": [
                    {
						"items": [
							"minecraft:yellow_shulker_box"
						]
                    }
                ]
            }
        },
        "lime_shulker_box": {
            "trigger": "minecraft:inventory_changed",
            "conditions": {
                "items": [
                    {
						"items": [
							"minecraft:lime_shulker_box"
						]
                    }
                ]
            }
        },
        "pink_shulker_box": {
            "trigger": "minecraft:inventory_changed",
            "conditions": {
                "items": [
                    {
						"items": [
							"minecraft:pink_shulker_box"
						]
                    }
                ]
            }
        },
        "gray_shulker_box": {
            "trigger": "minecraft:inventory_changed",
            "conditions": {
                "items": [
                    {
						"items": [
							"minecraft:gray_shulker_box"
						]
                    }
                ]
            }
        },
        "light_gray_shulker_box": {
            "trigger": "minecraft:inventory_changed",
            "conditions": {
                "items": [
                    {
						"items": [
							"minecraft:light_gray_shulker_box"
						]
                    }
                ]
            }
        },
        "cyan_shulker_box": {
            "trigger": "minecraft:inventory_changed",
            "conditions": {
                "items": [
                    {
						"items": [
							"minecraft:cyan_shulker_box"
						]
                    }
                ]
            }
        },
        "purple_shulker_box": {
            "trigger": "minecraft:inventory_changed",
            "conditions": {
                "items": [
                    {
						"items": [
							"minecraft:purple_shulker_box"
						]
                    }
                ]
            }
        },
        "blue_shulker_box": {
            "trigger": "minecraft:inventory_changed",
            "conditions": {
                "items": [
                    {
						"items": [
							"minecraft:blue_shulker_box"
						]
                    }
                ]
            }
        },
        "brown_shulker_box": {
            "trigger": "minecraft:inventory_changed",
            "conditions": {
                "items": [
                    {
						"items": [
							"minecraft:brown_shulker_box"
						]
                    }
                ]
            }
        },
        "green_shulker_box": {
            "trigger": "minecraft:inventory_changed",
            "conditions": {
                "items": [
                    {
						"items": [
							"minecraft:green_shulker_box"
						]
                    }
                ]
            }
        },
        "red_shulker_box": {
            "trigger": "minecraft:inventory_changed",
            "conditions": {
                "items": [
                    {
						"items": [
							"minecraft:red_shulker_box"
						]
                    }
                ]
            }
        },
        "black_shulker_box": {
            "trigger": "minecraft:inventory_changed",
            "conditions": {
                "items": [
                    {
						"items": [
							"minecraft:black_shulker_box"
						]
                    }
                ]
            }
        }
    }
}