{
    "pools": [
      {
        "rolls": {
          "min": 5,
          "max": 7
        },
        "entries": [
          {
            "type": "minecraft:item",
            "name": "snowball",
            "weight": 8,
            "functions": [
              {
                "function": "minecraft:set_count",
                "count": {
                  "min": 5,
                  "max": 8
                }
              }
            ]
          },
          {
            "type": "minecraft:item",
            "name": "snow_block",
            "weight": 7,
            "functions": [
              {
                "function": "minecraft:set_count",
                "count": {
                  "min": 3,
                  "max": 5
                }
              }
            ]
          },
          {
            "type": "minecraft:item",
            "name": "gold_ingot",
            "weight": 5,
            "functions": [
              {
                "function": "minecraft:set_count",
                "count": {
                  "min": 2,
                  "max": 4
                }
              }
            ]
          },
          {
            "type": "minecraft:item",
            "name": "diamond",
            "weight": 3,
            "functions": [
              {
                "function": "minecraft:set_count",
                "count": {
                  "min": 1,
                  "max": 2
                }
              }
            ]
          },
          {
            "type": "minecraft:item",
            "name": "emerald",
            "weight": 2,
            "functions": [
              {
                "function": "minecraft:set_count",
                "count": {
                  "min": 1,
                  "max": 3
                }
              }
            ]
          },
          {
            "type": "minecraft:item",
            "name": "blue_ice",
            "weight": 3,
            "functions": [
              {
                "function": "minecraft:set_count",
                "count": {
                  "min": 2,
                  "max": 5
                }
              }
            ]
          }
        ]
      }
    ]
  }