{
  "name": "dnl:structures/olympus/mobs/random_maze",
  "fallback": "dnl:structures/olympus/mobs/random_maze",
  "elements": [
    {
      "weight": 3,
      "element": {
        "element_type": "minecraft:single_pool_element",
        "projection": "rigid",
        "location": "dnl:olympus/mobs/swordsmen",
        "processors": "minecraft:empty"
      }
    },
    {
      "weight": 1,
      "element": {
        "element_type": "minecraft:single_pool_element",
        "projection": "rigid",
        "location": "dnl:olympus/mobs/charger",
        "processors": "minecraft:empty"
      }
    },
    {
      "weight": 36,
      "element": {
        "element_type": "minecraft:empty_pool_element",
        "projection": "rigid"
      }
    }
  ]
}
