{
    "condition": "alternative",
    "terms": [
        {
            "condition": "entity_scores",
            "entity": "this",
            "scores": {
                "Channeling": {
                    "min": 1,
                    "max": 65535
                }
            }
        },
        {
            "condition": "entity_scores",
            "entity": "this",
            "scores": {
                "Loyalty": {
                    "min": 1,
                    "max": 65535
                }
            }
        }
    ]
}