{
  "type": "minecraft:random_selector",
  "config": {
    "features": [
      {
        "chance": 0.01,
        "feature": "wythers:dark_forest/mushroom_huge_jack_o_lantern"
      },
      {
        "chance": 0.3,
        "feature": "wythers:dark_forest/mushroom_huge_enoki"
      },
      {
        "chance": 0.1,
        "feature": "wythers:dark_forest/mushroom_huge_white_1"
      },
      {
        "chance": 0.1,
        "feature": "wythers:dark_forest/mushroom_huge_red_1"
      },
      {
        "chance": 0.1,
        "feature": "wythers:dark_forest/mushroom_huge_red_toadstool"
      },
      {
        "chance": 0.2,
        "feature": "wythers:dark_forest/mushroom_huge_brown_toadstool"
      }
    ],
    "default": "wythers:dark_forest/mushroom_huge_brown_sprout"
  }
}
