{
  "type": "minecraft:decorated",
  "config": {
    "decorator": {
      "type": "decorated",
      "config": {
        "outer": {
          "type": "minecraft:water_depth_threshold",
          "config": {
            "max_water_depth": 0
          }
        },
        "inner": {
          "type": "minecraft:heightmap",
          "config": {
            "heightmap": "OCEAN_FLOOR"
          }
        }
      }
    },
    "feature": {
      "type": "minecraft:tree",
      "config": {
        "ignore_vines": true,
        "minimum_size": {
          "type": "minecraft:two_layers_feature_size",
          "limit": 1,
          "lower_size": 0,
          "upper_size": 1
        },
        "trunk_provider": {
          "type": "minecraft:simple_state_provider",
          "state": {
            "Name": "minecraft:mushroom_stem",
            "Properties": {
              "west": "true",
              "up": "false",
              "south": "true",
              "north": "true",
              "east": "true",
              "down": "false"
            }
          }
        },
        "trunk_placer": {
          "type": "minecraft:straight_trunk_placer",
          "base_height": 7,
          "height_rand_a": 5,
          "height_rand_b": 10
        },
        "foliage_placer": {
          "type": "minecraft:fancy_foliage_placer",
          "radius": 1,
          "offset": 0,
          "height": 3
        },
        "decorators": [
          {
            "type": "minecraft:alter_ground",
            "provider": {
              "type": "minecraft:weighted_state_provider",
              "entries": [
                {
                  "weight": 1,
                  "data": {
                    "Name": "minecraft:grass_block",
                    "Properties": {
                      "snowy": "false"
                    }
                  }
                },
                {
                  "weight": 1,
                  "data": {
                    "Name": "minecraft:mycelium",
                    "Properties": {
                      "snowy": "false"
                    }
                  }
                }
              ]
            }
          }
        ],
        "foliage_provider": {
          "type": "minecraft:simple_state_provider",
          "state": {
            "Name": "minecraft:mushroom_stem",
            "Properties": {
              "west": "true",
              "up": "true",
              "south": "true",
              "north": "true",
              "east": "true",
              "down": "true"
            }
          }
        },
        "force_dirt": false,
        "dirt_provider": {
          "type": "minecraft:simple_state_provider",
          "state": {
            "Name": "minecraft:dirt"
          }
        },
        "sapling_provider": {
          "type": "minecraft:simple_state_provider",
          "state": {
            "Name": "minecraft:oak_sapling",
            "Properties": {
              "stage": "0"
            }
          }
        }
      }
    }
  }
}
