{
    "criteria": {
        "tick": {
            "trigger": "minecraft:tick",
            "conditions": {
                "player": [
                    {
                        "condition": "minecraft:entity_scores",
                        "entity": "this",
                        "scores": {
                            "TridentThrown": {
                                "min": 1,
                                "max": 65535
                            }
                        }
                    },
                    {
                        "condition": "alternative",
                        "terms": [
                            {
                                "condition": "entity_properties",
                                "entity": "this",
                                "predicate": {
                                    "equipment": {
                                        "mainhand": {
                                            "items": ["trident"],
                                            "enchantments": [
                                                {
                                                    "enchantment": "sharpness"
                                                }
                                            ]
                                        }
                                    }
                                }
                            },
                            {
                                "condition": "entity_properties",
                                "entity": "this",
                                "predicate": {
                                    "equipment": {
                                        "offhand": {
                                            "items": ["trident"],
                                            "enchantments": [
                                                {
                                                    "enchantment": "sharpness"
                                                }
                                            ]
                                        }
                                    }
                                }
                            }
                        ]
                    }
                ]
            }
        }
    },
    "rewards": { "function": "ench_limit_break:advancements/trident/sharpness" }
}