{
  "name": "dnl:biomes/jungle",
  "fallback": "minecraft:empty",
  "elements": [
    {
      "weight": 10,
      "element": {
        "element_type": "minecraft:single_pool_element",
        "projection": "rigid",
        "location": "dnl:temple_of_tears/height_adjust",
        "processors": "minecraft:empty"
      }
    },
    {
      "weight": 14,
      "element": {
        "element_type": "minecraft:single_pool_element",
        "projection": "rigid",
        "location": "dnl:olympus/base/1",
        "processors": "minecraft:empty"
      }
    },
    {
      "weight": 1,
      "element": {
        "element_type": "minecraft:single_pool_element",
        "projection": "rigid",
        "location": "dnl:olympus/base/2",
        "processors": "minecraft:empty"
      }
    }
  ]
}
