{
  "display": {
    "icon": {
      "item": "minecraft:redstone_lamp"
    },
    "title": {
      "text": "Gallery of Illusions"
    },
    "description": {
      "text": "Locate the mega mansion of the roofed forest and taiga"
    },
    "frame": "task",
    "show_toast": true,
    "announce_to_chat": true,
    "hidden": false
  },
  "parent": "dnl:story/structures/crawlers_lair/locate",
  "criteria": {
    "locate gallery of illusion": {
      "trigger": "minecraft:impossible"
    }
  },
  "rewards": {
    "function": "dnl:advancements/locate_dungeon"
  }
}
