{
  "type": "minecraft:generic",
  "pools": [
    {
      "rolls": 1,
      "entries": [
        {
          "type": "minecraft:item",
          "name": "minecraft:iron_helmet",
          "functions": [
            {
              "function": "minecraft:set_nbt",
              "tag": "{display:{Name:'{\"text\":\"Golem Heart Helmet\",\"color\":\"gold\",\"italic\":false}',Lore:['{\"text\":\"Full Set Bonus:\",\"color\":\"gray\",\"italic\":false}','{\"text\":\"Strength I\",\"color\":\"blue\",\"italic\":false}','{\"text\":\"Resistance I\",\"color\":\"blue\",\"italic\":false}']},dnl.item:1b,dnl.golem_heart_helmet:1b,AttributeModifiers:[{AttributeName:\"generic.armor_toughness\",Name:\"generic.armor_toughness\",Amount:1,Operation:0,UUID:[I;-249311023,-1749925565,-1704110300,808295520],Slot:\"head\"},{AttributeName:\"generic.knockback_resistance\",Name:\"generic.knockback_resistance\",Amount:0.1,Operation:0,UUID:[I;10115823,-1450096563,-1766350056,-1899304770],Slot:\"head\"},{AttributeName:\"generic.armor\",Name:\"generic.armor\",Amount:3,Operation:0,UUID:[I;-376756547,1945324862,-2093895826,134240071],Slot:\"head\"}]}"
            }
          ]
        }
      ]
    }
  ]
}
