{
  "config": {
    "can_replace": false,
    "project": false,
    "need_water": false,
    "xspread": 7,
    "yspread": 3,
    "zspread": 7,
    "whitelist": [],
    "blacklist": [],
    "tries": 64,
    "state_provider": {
      "state": {
        "Properties": {
          "age": "0",
          "stage": "1",
          "leaves": "none"
        },
        "Name": "minecraft:bamboo"
      },
      "type": "minecraft:simple_state_provider"
    },
    "block_placer": {
      "type": "minecraft:column_placer",
      "size": {
        "type": "minecraft:uniform",
        "value": {
          "min_inclusive": 2,
          "max_inclusive": 5
        }
      }
    }
  },
  "type": "minecraft:random_patch"
}
