{
  "config": {
    "feature": {
      "config": {
        "feature": {
          "config": {
            "feature": {
              "config": {
                "target": {
                  "Name": "minecraft:gravel"
                },
                "state": {
                  "Name": "minecraft:sand"
                },
                "radius": 12
              },
              "type": "minecraft:netherrack_replace_blobs"
            },
            "decorator": {
              "config": {
                "height": {
                  "type": "minecraft:uniform",
                  "min_inclusive": {
                    "absolute": 0
                  },
                  "max_inclusive": {
                    "absolute": 127
                  }
                }
              },
              "type": "minecraft:range"
            }
          },
          "type": "minecraft:decorated"
        },
        "decorator": {
          "config": {},
          "type": "minecraft:square"
        }
      },
      "type": "minecraft:decorated"
    },
    "decorator": {
      "config": {
        "count": 128
      },
      "type": "minecraft:count"
    }
  },
  "type": "minecraft:decorated"
}
