{
    "display": {
        "icon": {
            "item": "minecraft:light_blue_bed"
        },
        "title": {"translate":"Change of Sheets"},
        "description": {"translate":"Dye your bed a different color than white"}
    },
    "parent": "minecraft:adventure/sleep_in_bed",
	"rewards": {
		"function": "bc_rewards:building/change_of_sheets"
    },		
    "criteria": {
        "orange_bed": {
            "trigger": "minecraft:inventory_changed",
            "conditions": {
                "items": [
                    {
						"items": [
							"minecraft:orange_bed"
						]
                    }
                ]
            }
        },
        "magenta_bed": {
            "trigger": "minecraft:inventory_changed",
            "conditions": {
                "items": [
                    {
						"items": [
							"minecraft:magenta_bed"
						]
                    }
                ]
            }
        },
        "light_blue_bed": {
            "trigger": "minecraft:inventory_changed",
            "conditions": {
                "items": [
                    {
						"items": [
							"minecraft:light_blue_bed"
						]
                    }
                ]
            }
        },
        "yellow_bed": {
            "trigger": "minecraft:inventory_changed",
            "conditions": {
                "items": [
                    {
						"items": [
							"minecraft:yellow_bed"
						]
                    }
                ]
            }
        },
        "lime_bed": {
            "trigger": "minecraft:inventory_changed",
            "conditions": {
                "items": [
                    {
						"items": [
							"minecraft:lime_bed"
						]
                    }
                ]
            }
        },
        "pink_bed": {
            "trigger": "minecraft:inventory_changed",
            "conditions": {
                "items": [
                    {
						"items": [
							"minecraft:pink_bed"
						]
                    }
                ]
            }
        },
        "gray_bed": {
            "trigger": "minecraft:inventory_changed",
            "conditions": {
                "items": [
                    {
						"items": [
							"minecraft:gray_bed"
						]
                    }
                ]
            }
        },
        "light_gray_bed": {
            "trigger": "minecraft:inventory_changed",
            "conditions": {
                "items": [
                    {
						"items": [
							"minecraft:light_gray_bed"
						]
                    }
                ]
            }
        },
        "cyan_bed": {
            "trigger": "minecraft:inventory_changed",
            "conditions": {
                "items": [
                    {
						"items": [
							"minecraft:cyan_bed"
						]
                    }
                ]
            }
        },
        "purple_bed": {
            "trigger": "minecraft:inventory_changed",
            "conditions": {
                "items": [
                    {
						"items": [
							"minecraft:purple_bed"
						]
                    }
                ]
            }
        },
        "blue_bed": {
            "trigger": "minecraft:inventory_changed",
            "conditions": {
                "items": [
                    {
						"items": [
							"minecraft:blue_bed"
						]
                    }
                ]
            }
        },
        "brown_bed": {
            "trigger": "minecraft:inventory_changed",
            "conditions": {
                "items": [
                    {
						"items": [
							"minecraft:brown_bed"
						]
                    }
                ]
            }
        },
        "green_bed": {
            "trigger": "minecraft:inventory_changed",
            "conditions": {
                "items": [
                    {
						"items": [
							"minecraft:green_bed"
						]
                    }
                ]
            }
        },
        "red_bed": {
            "trigger": "minecraft:inventory_changed",
            "conditions": {
                "items": [
                    {
						"items": [
							"minecraft:red_bed"
						]
                    }
                ]
            }
        },
        "black_bed": {
            "trigger": "minecraft:inventory_changed",
            "conditions": {
                "items": [
                    {
						"items": [
							"minecraft:black_bed"
						]
                    }
                ]
            }
        }
    },
    "requirements": [
		[
        "orange_bed",
        "magenta_bed",
        "light_blue_bed",
        "yellow_bed",
        "lime_bed",
        "pink_bed",
        "gray_bed",
        "light_gray_bed",
        "cyan_bed",
        "purple_bed",
        "blue_bed",
        "brown_bed",
        "green_bed",
        "red_bed",
        "black_bed"
		]
	]
}