{
    "display": {
        "icon": {
            "item": "minecraft:sandstone_wall"
        },
        "title": {"translate":"Crazy Walls"},
        "description": {"color":"#75E1FF","translate":"Craft every type of wall"},
		"frame": "goal"
    },
    "parent": "blazeandcave:building/the_walls",
    "rewards": {
        "function": "bc_rewards:building/crazy_walls"
    },		
    "criteria": {
        "cobblestone_wall": {
            "trigger": "minecraft:inventory_changed",
            "conditions": {
                "items": [
                    {
						"items": [
							"minecraft:cobblestone_wall"
						]
                    }
                ]
            }
        },
        "mossy_cobblestone_wall": {
            "trigger": "minecraft:inventory_changed",
            "conditions": {
                "items": [
                    {
						"items": [
							"minecraft:mossy_cobblestone_wall"
						]
                    }
                ]
            }
        },
		"brick_wall": {
            "trigger": "minecraft:inventory_changed",
            "conditions": {
                "items": [
                    {
						"items": [
							"minecraft:brick_wall"
						]
                    }
                ]
            }
        },
        "prismarine_wall": {
            "trigger": "minecraft:inventory_changed",
            "conditions": {
                "items": [
                    {
						"items": [
							"minecraft:prismarine_wall"
						]
                    }
                ]
            }
        },
        "red_sandstone_wall": {
            "trigger": "minecraft:inventory_changed",
            "conditions": {
                "items": [
                    {
						"items": [
							"minecraft:red_sandstone_wall"
						]
                    }
                ]
            }
        },
        "mossy_stone_brick_wall": {
            "trigger": "minecraft:inventory_changed",
            "conditions": {
                "items": [
                    {
						"items": [
							"minecraft:mossy_stone_brick_wall"
						]
                    }
                ]
            }
        },
        "granite_wall": {
            "trigger": "minecraft:inventory_changed",
            "conditions": {
                "items": [
                    {
						"items": [
							"minecraft:granite_wall"
						]
                    }
                ]
            }
        },
        "stone_brick_wall": {
            "trigger": "minecraft:inventory_changed",
            "conditions": {
                "items": [
                    {
						"items": [
							"minecraft:stone_brick_wall"
						]
                    }
                ]
            }
        },
        "nether_brick_wall": {
            "trigger": "minecraft:inventory_changed",
            "conditions": {
                "items": [
                    {
						"items": [
							"minecraft:nether_brick_wall"
						]
                    }
                ]
            }
        },
        "andesite_wall": {
            "trigger": "minecraft:inventory_changed",
            "conditions": {
                "items": [
                    {
						"items": [
							"minecraft:andesite_wall"
						]
                    }
                ]
            }
        },
        "red_nether_brick_wall": {
            "trigger": "minecraft:inventory_changed",
            "conditions": {
                "items": [
                    {
						"items": [
							"minecraft:red_nether_brick_wall"
						]
                    }
                ]
            }
        },
        "sandstone_wall": {
            "trigger": "minecraft:inventory_changed",
            "conditions": {
                "items": [
                    {
						"items": [
							"minecraft:sandstone_wall"
						]
                    }
                ]
            }
        },
        "end_stone_brick_wall": {
            "trigger": "minecraft:inventory_changed",
            "conditions": {
                "items": [
                    {
						"items": [
							"minecraft:end_stone_brick_wall"
						]
                    }
                ]
            }
        },
        "diorite_wall": {
            "trigger": "minecraft:inventory_changed",
            "conditions": {
                "items": [
                    {
						"items": [
							"minecraft:diorite_wall"
						]
                    }
                ]
            }
        },
        "blackstone_wall": {
            "trigger": "minecraft:inventory_changed",
            "conditions": {
                "items": [
                    {
						"items": [
							"minecraft:blackstone_wall"
						]
                    }
                ]
            }
        },
        "polished_blackstone_wall": {
            "trigger": "minecraft:inventory_changed",
            "conditions": {
                "items": [
                    {
						"items": [
							"minecraft:polished_blackstone_wall"
						]
                    }
                ]
            }
        },
        "polished_blackstone_brick_wall": {
            "trigger": "minecraft:inventory_changed",
            "conditions": {
                "items": [
                    {
						"items": [
							"minecraft:polished_blackstone_brick_wall"
						]
                    }
                ]
            }
        },
        "cobbled_deepslate_wall": {
            "trigger": "minecraft:inventory_changed",
            "conditions": {
                "items": [
                    {
						"items": [
							"minecraft:cobbled_deepslate_wall"
						]
                    }
                ]
            }
        },
        "polished_deepslate_wall": {
            "trigger": "minecraft:inventory_changed",
            "conditions": {
                "items": [
                    {
						"items": [
							"minecraft:polished_deepslate_wall"
						]
                    }
                ]
            }
        },
        "deepslate_brick_wall": {
            "trigger": "minecraft:inventory_changed",
            "conditions": {
                "items": [
                    {
						"items": [
							"minecraft:deepslate_brick_wall"
						]
                    }
                ]
            }
        },
        "deepslate_tile_wall": {
            "trigger": "minecraft:inventory_changed",
            "conditions": {
                "items": [
                    {
						"items": [
							"minecraft:deepslate_tile_wall"
						]
                    }
                ]
            }
        }
	}		
}