{
    "display": {
        "icon": {
            "item": "minecraft:lantern"
        },
        "title": {"translate":"Festival of Lights"},
        "description": {"translate":"Light up the area using a lantern"}
    },
    "parent": "blazeandcave:building/torched",
	"rewards": {
		"function": "bc_rewards:building/festival_of_lights"
    },		
    "criteria": {
        "lantern": {
            "trigger": "minecraft:placed_block",
            "conditions": {
				"block": "minecraft:lantern"
            }
        }
    }
}