{
    "display": {
        "icon": {
            "item": "minecraft:armor_stand"
        },
        "title": {"translate":"Mannequin"},
        "description": {"translate":"Craft an armor stand for displaying your armor"}
    },
    "parent": "blazeandcave:building/a_masterpiece",
	"rewards": {
		"function": "bc_rewards:building/mannequin"
    },		
    "criteria": {
        "armor_stand": {
            "trigger": "minecraft:inventory_changed",
            "conditions": {
                "items": [
                    {
						"items": [
							"minecraft:armor_stand"
						]
                    }
                ]
            }
        }
    }
}