{
    "display": {
        "icon": {
            "item": "minecraft:flower_pot"
        },
        "title": {"translate":"Pot Planter"},
        "description": {"translate":"Craft and place a flower pot"}
    },
    "parent": "blazeandcave:building/bricks",
	"rewards": {
		"function": "bc_rewards:building/pot_planter"
    },		
    "criteria": {
        "flower_pot": {
            "trigger": "minecraft:placed_block",
            "conditions": {
				"block": "minecraft:flower_pot"
            }
        }
    }
}