{
    "display": {
        "icon": {
            "item": "minecraft:ender_eye"
        },
        "title": {"translate":"Spawn Camping"},
        "description": {"color":"#75E1FF","translate":"Travel close to 0,0 coordinates and place down a campfire"},
		"frame": "goal"
    },
    "parent": "blazeandcave:building/delicious_hot_schmoes",
	"rewards": {
		"function": "bc_rewards:building/spawn_camping"
    },		
    "criteria": {
        "campfire": {
            "trigger": "minecraft:placed_block",
            "conditions": {
				"block": "minecraft:campfire",
				"location": {
					"position": {
						"x": {
							"max": 10,
							"min": -10
						},
						"z": {
							"max": 10,
							"min": -10
						}
					}
				}
            }
        }
    }
}