{
  "condition": "minecraft:alternative",
  "terms": [
	{
      "condition": "minecraft:location_check",
      "predicate": {
        "biome": "minecraft:deep_ocean"
      }
    },
	{
      "condition": "minecraft:location_check",
      "predicate": {
        "biome": "minecraft:cold_ocean"
      }
    },
	{
      "condition": "minecraft:location_check",
      "predicate": {
        "biome": "minecraft:deep_frozen_ocean"
      }
    },
	{
      "condition": "minecraft:location_check",
      "predicate": {
        "biome": "minecraft:deep_lukewarm_ocean"
      }
    },
	{
      "condition": "minecraft:location_check",
      "predicate": {
        "biome": "minecraft:deep_warm_ocean"
      }
    }
  ]
}