{
    "display": {
        "icon": {
            "item": "minecraft:oak_boat"
        },
        "title": {"translate":"Boaty McBoatface"},
        "description": {"translate":"Craft and ride a boat to sail on the high seas"}
    },
    "parent": "blazeandcave:biomes/the_sea_calls_you",
    "rewards": {
        "function": "bc_rewards:biomes/boaty_mcboatface"
    },		
    "criteria": {
        "boat": {
			"trigger": "minecraft:started_riding",
			"conditions": {
				"player": [
					{
						"condition": "minecraft:entity_properties",
						"predicate": {
							"vehicle": {
								"type": "minecraft:boat"
							}
						},
						"entity": "this"
					}
				]
			}
		}
	}		
}