{
    "display": {
        "icon": {
            "item": "minecraft:water_bucket"
        },
        "title": {"translate":"Just Keep Swimming"},
        "description": {"translate":"Go for a swim"}
    },
    "parent": "blazeandcave:biomes/root",
	"rewards": {
		"function": "bc_rewards:biomes/just_keep_swimming"
    },
    "criteria": {
        "enter_water": {
            "trigger": "minecraft:enter_block",
            "conditions": {
				"block": "minecraft:water"
            }
        }
    }
}