{
  "display": {
    "icon": {
      "item": "minecraft:iron_horse_armor"
    },
    "title": "Horse Protector",
    "description": "Collect every type of horse armor"
  },
  "parent": "custom_adventure:collector/root",
  "criteria": {
    "leather_horse_armor": {
      "trigger": "minecraft:inventory_changed",
      "conditions": {
        "items": [
          {
            "items": [
              "minecraft:leather_horse_armor"
            ]
          }
        ]
      }
    },
    "iron_horse_armor": {
      "trigger": "minecraft:inventory_changed",
      "conditions": {
        "items": [
          {
            "items": [
              "minecraft:iron_horse_armor"
            ]
          }
        ]
      }
    },
    "golden_horse_armor": {
      "trigger": "minecraft:inventory_changed",
      "conditions": {
        "items": [
          {
            "items": [
              "minecraft:golden_horse_armor"
            ]
          }
        ]
      }
    },
    "diamond_horse_armor": {
      "trigger": "minecraft:inventory_changed",
      "conditions": {
        "items": [
          {
            "items": [
              "minecraft:diamond_horse_armor"
            ]
          }
        ]
      }
    }
  }
}