{
  "display": {
    "icon": {
      "item": "minecraft:azalea"
    },
    "title": "Overworld Tree Specialist",
    "description": "Collect every sapling from the Overworld"
  },
  "parent": "custom_adventure:collector/root",
  "criteria": {
    "oak": {
      "trigger": "minecraft:inventory_changed",
      "conditions": {
        "items": [
          {
            "items": [
              "minecraft:oak_sapling"
            ],
            "count": {
              "min": 1,
              "max": 64
            }
          }
        ]
      }
    },
    "birch": {
      "trigger": "minecraft:inventory_changed",
      "conditions": {
        "items": [
          {
            "items": [
              "minecraft:birch_sapling"
            ],
            "count": {
              "min": 1,
              "max": 64
            }
          }
        ]
      }
    },
    "spruce": {
      "trigger": "minecraft:inventory_changed",
      "conditions": {
        "items": [
          {
            "items": [
              "minecraft:spruce_sapling"
            ],
            "count": {
              "min": 1,
              "max": 64
            }
          }
        ]
      }
    },
    "jungle": {
      "trigger": "minecraft:inventory_changed",
      "conditions": {
        "items": [
          {
            "items": [
              "minecraft:jungle_sapling"
            ],
            "count": {
              "min": 1,
              "max": 64
            }
          }
        ]
      }
    },
    "acacia": {
      "trigger": "minecraft:inventory_changed",
      "conditions": {
        "items": [
          {
            "items": [
              "minecraft:acacia_sapling"
            ],
            "count": {
              "min": 1,
              "max": 64
            }
          }
        ]
      }
    },
    "dark_oak": {
      "trigger": "minecraft:inventory_changed",
      "conditions": {
        "items": [
          {
            "items": [
              "minecraft:dark_oak_sapling"
            ],
            "count": {
              "min": 1,
              "max": 64
            }
          }
        ]
      }
    },
    "azalea": {
      "trigger": "minecraft:inventory_changed",
      "conditions": {
        "items": [
          {
            "items": [
              "minecraft:azalea"
            ],
            "count": {
              "min": 1,
              "max": 64
            }
          }
        ]
      }
    },
    "flowering_azalea": {
      "trigger": "minecraft:inventory_changed",
      "conditions": {
        "items": [
          {
            "items": [
              "minecraft:flowering_azalea"
            ],
            "count": {
              "min": 1,
              "max": 64
            }
          }
        ]
      }
    }
  }
}