{
  "display": {
    "icon": {
      "item": "minecraft:redstone_block"
    },
    "title": "Redstone Collector",
    "description": "Collect a full stack of Redstone Blocks"
  },
  "parent": "custom_adventure:collector/redstone_master",
  "criteria": {
    "requirement": {
      "trigger": "minecraft:inventory_changed",
      "conditions": {
        "items": [
          {
            "items": [
              "minecraft:redstone_block"
            ],
            "count": 64
          }
        ]
      }
    }
  }
}