{
  "display": {
    "icon": {
      "item": "minecraft:redstone"
    },
    "title": "Redstone Master",
    "description": "Craft every item who contains a least one redstone dust in the recipe"
  },
  "parent": "custom_adventure:collector/root",
  "criteria": {
    "redstone_block": {
      "trigger": "minecraft:inventory_changed",
      "conditions": {
        "items": [
          {
            "items": [
              "minecraft:redstone_block"
            ],
            "count": {
              "min": 1,
              "max": 64
            }
          }
        ]
      }
    },
    "note_block": {
      "trigger": "minecraft:inventory_changed",
      "conditions": {
        "items": [
          {
            "items": [
              "minecraft:note_block"
            ],
            "count": {
              "min": 1,
              "max": 64
            }
          }
        ]
      }
    },
    "redstone_torch": {
      "trigger": "minecraft:inventory_changed",
      "conditions": {
        "items": [
          {
            "items": [
              "minecraft:redstone_torch"
            ],
            "count": {
              "min": 1,
              "max": 64
            }
          }
        ]
      }
    },
    "dispenser": {
      "trigger": "minecraft:inventory_changed",
      "conditions": {
        "items": [
          {
            "items": [
              "minecraft:dispenser"
            ],
            "count": {
              "min": 1,
              "max": 64
            }
          }
        ]
      }
    },
    "redstone_repeater": {
      "trigger": "minecraft:inventory_changed",
      "conditions": {
        "items": [
          {
            "items": [
              "minecraft:repeater"
            ],
            "count": {
              "min": 1,
              "max": 64
            }
          }
        ]
      }
    },
    "observer": {
      "trigger": "minecraft:inventory_changed",
      "conditions": {
        "items": [
          {
            "items": [
              "minecraft:observer"
            ],
            "count": {
              "min": 1,
              "max": 64
            }
          }
        ]
      }
    },
    "target": {
      "trigger": "minecraft:inventory_changed",
      "conditions": {
        "items": [
          {
            "items": [
              "minecraft:target"
            ],
            "count": {
              "min": 1,
              "max": 64
            }
          }
        ]
      }
    },
    "piston": {
      "trigger": "minecraft:inventory_changed",
      "conditions": {
        "items": [
          {
            "items": [
              "minecraft:piston"
            ],
            "count": {
              "min": 1,
              "max": 64
            }
          }
        ]
      }
    },
    "redstone_lamp": {
      "trigger": "minecraft:inventory_changed",
      "conditions": {
        "items": [
          {
            "items": [
              "minecraft:redstone_lamp"
            ],
            "count": {
              "min": 1,
              "max": 64
            }
          }
        ]
      }
    },
    "dropper": {
      "trigger": "minecraft:inventory_changed",
      "conditions": {
        "items": [
          {
            "items": [
              "minecraft:dropper"
            ],
            "count": {
              "min": 1,
              "max": 64
            }
          }
        ]
      }
    }
  }
}