{
  "type": "minecraft:decorated",
  "config": {
    "decorator": {
      "type": "minecraft:decorated",
      "config": {
        "outer": {
          "type": "minecraft:carving_mask",
          "config": {
            "step": "air"
          }
        },
        "inner": {
          "type": "minecraft:chance",
          "config": {
            "chance": 2
          }
        }
      }
    },
    "feature": {
      "type": "minecraft:simple_random_selector",
      "config": {
        "features": [
          {
            "type": "minecraft:simple_block",
            "config": {
              "to_place": {
                "type": "minecraft:simple_state_provider",
                "state": {
                  "Name": "minecraft:andesite_wall",
                  "Properties": {
                    "up": "true",
                    "east": "none",
                    "north": "none",
                    "south": "none",
                    "west": "none",
                    "waterlogged": "false"
                  }
                }
              },
              "place_on": [
                {
                  "Name": "minecraft:cave_air"
                }
              ],
              "place_in": [
                {
                  "Name": "minecraft:cave_air"
                }
              ],
              "place_under": [
                {
                  "Name": "minecraft:andesite_wall",
                  "Properties": {
                    "up": "true",
                    "east": "none",
                    "north": "none",
                    "south": "none",
                    "west": "none",
                    "waterlogged": "false"
                  }
                }
              ]
            }
          }
        ]
      }
    }
  }
}
