{
    "display": {
        "icon": {
            "item": "minecraft:totem_of_undying"
        },
        "title": {"translate":"Feeling Ill"},
        "description": {"color":"#75E1FF","translate":"Defeat every type of Illager as part of a raid"},
		"frame": "goal"
    },
    "parent": "blazeandcave:adventure/its_so_beast_like",
    "rewards": {
        "function": "bc_rewards:adventure/feeling_ill"
    },		
    "criteria": {
        "vindicator": {
            "trigger": "minecraft:player_killed_entity",
            "conditions": {
                "entity": {
                    "type": "vindicator",
					"nbt": "{Tags:[\"part_of_raid\"]}"
                }
            }
        },
        "pillager": {
            "trigger": "minecraft:player_killed_entity",
            "conditions": {
                "entity": {
                    "type": "pillager",
					"nbt": "{Tags:[\"part_of_raid\"]}"
                }
            }
        },
        "ravager": {
            "trigger": "minecraft:player_killed_entity",
            "conditions": {
                "entity": {
                    "type": "ravager",
					"nbt": "{Tags:[\"part_of_raid\"]}"
                }
            }
        },
        "witch": {
            "trigger": "minecraft:player_killed_entity",
            "conditions": {
                "entity": {
                    "type": "witch",
					"nbt": "{Tags:[\"part_of_raid\"]}"
                }
            }
        },
        "evoker": {
            "trigger": "minecraft:player_killed_entity",
            "conditions": {
                "entity": {
                    "type": "evoker",
					"nbt": "{Tags:[\"part_of_raid\"]}"
                }
            }
        }
    }
}