{
    "display": {
        "icon": {
            "item": "minecraft:emerald"
        },
        "title": {"translate":"Filthy Rich"},
        "description": {"color":"#75E1FF","translate":"Make 64 emeralds"},
        "frame": "goal"
    },
    "parent": "minecraft:adventure/trade",	
    "rewards": {
		"function": "bc_rewards:adventure/filthy_rich"
    },		
    "criteria": {
        "emeralds": {
            "trigger": "minecraft:inventory_changed",
            "conditions": {
                "items": [
                    {
						"items": [
							"minecraft:emerald"
						],
						"count": {
							"min": 64
						}
                    }
                ]
            }
        }
    }
}