{
    "display": {
        "icon": {
            "item": "minecraft:bell"
        },
        "title": {"translate":"Village Settler"},
        "description": {"translate":"Trade for a new bell to establish a new village"}
    },
    "parent": "blazeandcave:adventure/traveller",
    "rewards": {
        "function": "bc_rewards:adventure/village_settler"
    },		
    "criteria": {
        "trade": {
            "trigger": "minecraft:villager_trade",
			"conditions": {
				"item": {
					"items": [
						"minecraft:bell"
					]
				}
			}
        }
    }
}