{
  "display": {
    "icon": {
      "item": "minecraft:andesite"
    },
    "title": {
      "text": "Hunter's Grave"
    },
    "description": {
      "text": "Find a royal grave of a legendary hunter"
    },
    "frame": "task",
    "show_toast": true,
    "announce_to_chat": true,
    "hidden": false
  },
  "parent": "dnl:story/structures/sinkhole/locate",
  "criteria": {
    "locate hunters grave": {
      "trigger": "minecraft:impossible"
    }
  },
  "rewards": {
    "function": "dnl:advancements/locate_dungeon"
  }
}
