{
    "type": "minecraft:block",
    "pools": [
      {
        "rolls": 1.0,
        "bonus_rolls": 0.0,
        "entries": [
          {
            "type": "minecraft:alternatives",
            "children": [
              {
                "type": "minecraft:item",
                "conditions": [
                  {
                    "condition": "minecraft:alternative",
                    "terms": [
                      {
                        "condition": "minecraft:match_tool",
                        "predicate": {
                          "items": [
                            "minecraft:shears"
                          ]
                        }
                      },
                      {
                        "condition": "minecraft:match_tool",
                        "predicate": {
                          "enchantments": [
                            {
                              "enchantment": "minecraft:silk_touch",
                              "levels": {
                                "min": 1
                              }
                            }
                          ]
                        }
                      }
                    ]
                  }
                ],
                "name": "minecraft:flowering_azalea_leaves"
              },
              {
                "type": "minecraft:item",
                "conditions": [
                  {
                    "condition": "minecraft:survives_explosion"
                  },
                  {
                    "condition": "minecraft:table_bonus",
                    "enchantment": "minecraft:fortune",
                    "chances": [
                      0.05,
                      0.0625,
                      0.083333336,
                      0.1,
                      0.16666666667,
                      0.35714285714,
                      0.9375,
                      1.0
                    ]
                  }
                ],
                "name": "minecraft:flowering_azalea"
              }
            ]
          }
        ]
      },
      {
        "rolls": 1.0,
        "bonus_rolls": 0.0,
        "entries": [
          {
            "type": "minecraft:item",
            "conditions": [
              {
                "condition": "minecraft:table_bonus",
                "enchantment": "minecraft:fortune",
                "chances": [
                  0.02,
                  0.022222223,
                  0.025,
                  0.033333335,
                  0.1,
                  0.21428571428,
                  0.5625,
                  1.0
                ]
              }
            ],
            "functions": [
              {
                "function": "minecraft:set_count",
                "count": {
                  "type": "minecraft:uniform",
                  "min": 1.0,
                  "max": 2.0
                },
                "add": false
              },
              {
                "function": "minecraft:explosion_decay"
              }
            ],
            "name": "minecraft:stick"
          }
        ],
        "conditions": [
          {
            "condition": "minecraft:inverted",
            "term": {
              "condition": "minecraft:alternative",
              "terms": [
                {
                  "condition": "minecraft:match_tool",
                  "predicate": {
                    "items": [
                      "minecraft:shears"
                    ]
                  }
                },
                {
                  "condition": "minecraft:match_tool",
                  "predicate": {
                    "enchantments": [
                      {
                        "enchantment": "minecraft:silk_touch",
                        "levels": {
                          "min": 1
                        }
                      }
                    ]
                  }
                }
              ]
            }
          }
        ]
      }
    ]
  }