{
  "name": "dnl:structures/olympus/trial/end_halls",
  "fallback": "minecraft:empty",
  "elements": [
    {
      "weight": 1,
      "element": {
        "element_type": "minecraft:single_pool_element",
        "projection": "rigid",
        "location": "dnl:olympus/trial/end_halls/ancient_bow",
        "processors": "dnl:structures/olympus/path_age"
      }
    },
    {
      "weight": 1,
      "element": {
        "element_type": "minecraft:single_pool_element",
        "projection": "rigid",
        "location": "dnl:olympus/trial/end_halls/ancient_sword",
        "processors": "dnl:structures/olympus/path_age"
      }
    },
    {
      "weight": 3,
      "element": {
        "element_type": "minecraft:single_pool_element",
        "projection": "rigid",
        "location": "dnl:olympus/trial/end_halls/ancient_debris",
        "processors": "dnl:structures/olympus/path_age"
      }
    },
    {
      "weight": 2,
      "element": {
        "element_type": "minecraft:single_pool_element",
        "projection": "rigid",
        "location": "dnl:olympus/trial/end_halls/vanishing_curse",
        "processors": "dnl:structures/olympus/path_age"
      }
    }
  ]
}
