{
    "display": {
        "icon": {
            "item": "minecraft:firework_rocket"
        },
        "title": {"translate":"Ad Astra"},
        "description": {"color":"#FF2A2A","translate":"Reach an altitude of 10,000 blocks above the world"},
        "frame": "challenge"
    },
    "parent": "blazeandcave:challenges/root",
    "rewards": {
        "function": "bc_rewards:challenges/ad_astra"
    },		
    "criteria": {
        "world_height": {
            "trigger": "minecraft:location",
            "conditions": {
				"position": {
					"y": {
						"min": 10000.0
					}
				}
            }
        }	
    }
}