{
    "display": {
        "icon": {
            "item": "minecraft:creeper_head"
        },
        "title": {"translate":"Creepergeddon"},
        "description": {"color":"#FF2A2A","translate":"Obtain a stack of Creeper Heads"},
		"frame": "challenge"
    },
    "parent": "blazeandcave:challenges/rise_of_the_skeletons",
	"rewards": {
		"function": "bc_rewards:challenges/creepergeddon"
    },		
    "criteria": {
        "creeper_head": {
            "trigger": "minecraft:inventory_changed",
            "conditions": {
                "items": [
                    {
						"items": [
							"minecraft:creeper_head"
						],
						"count": 64
                    }
                ]
            }
        }
    }
}