{
  "type": "minecraft:generic",
  "pools": [
	{
	  "rolls": 1,
	  "entries": [
		{
		  "type": "minecraft:item",
		  "name": "minecraft:golden_hoe",
		  "functions": [
			{
			  "function": "minecraft:set_attributes",
			  "modifiers": [
			    {
				  "name":"generic.max_health",
				  "attribute":"generic.max_health",
				  "operation":"addition",
				  "slot":"head",
				  "amount":{
				    "min":0,
					"max":1
				  }
				},
				{
				  "name":"generic.movement_speed",
				  "attribute":"generic.movement_speed",
				  "operation":"addition",
				  "slot":"head",
				  "amount":{
				    "min":0,
					"max":1
				  }
				},
				{
				  "name":"generic.attack_damage",
				  "attribute":"generic.attack_damage",
				  "operation":"addition",
				  "slot":"head",
				  "amount":{
				    "min":0,
					"max":1
				  }
				},
				{
				  "name":"generic.attack_speed",
				  "attribute":"generic.attack_speed",
				  "operation":"addition",
				  "slot":"head",
				  "amount":{
				    "min":0,
					"max":1
				  }
				},
				{
				  "name":"generic.armor",
				  "attribute":"generic.armor",
				  "operation":"addition",
				  "slot":"head",
				  "amount":{
				    "min":0,
					"max":1
				  }
				},
				{
				  "name":"generic.armor_toughness",
				  "attribute":"generic.armor_toughness",
				  "operation":"addition",
				  "slot":"head",
				  "amount":{
				    "min":0,
					"max":1
				  }
				},
				{
				  "name":"generic.luck",
				  "attribute":"generic.luck",
				  "operation":"addition",
				  "slot":"head",
				  "amount":{
				    "min":0,
					"max":1
				  }
				},
				{
				  "name":"generic.follow_range",
				  "attribute":"generic.follow_range",
				  "operation":"addition",
				  "slot":"head",
				  "amount":{
				    "min":0,
					"max":1
				  }
				},
				{
				  "name":"horse.jump_strength",
				  "attribute":"horse.jump_strength",
				  "operation":"addition",
				  "slot":"head",
				  "amount":{
				    "min":0,
					"max":1
				  }
				},
				{
				  "name":"zombie.spawn_reinforcements",
				  "attribute":"zombie.spawn_reinforcements",
				  "operation":"addition",
				  "slot":"head",
				  "amount":{
				    "min":0,
					"max":1
				  }
				},
				{
				  "name":"zombie.spawn_reinforcements",
				  "attribute":"zombie.spawn_reinforcements",
				  "operation":"addition",
				  "slot":"head",
				  "amount":{
				    "min":0,
					"max":1
				  }
				},
				{
				  "name":"zombie.spawn_reinforcements",
				  "attribute":"zombie.spawn_reinforcements",
				  "operation":"addition",
				  "slot":"head",
				  "amount":{
				    "min":0,
					"max":1
				  }
				}
			  ]
			}
		  ]
		}
	  ]
	}
  ]
}


