{
  "display": {
    "icon": {
      "item": "minecraft:ender_pearl"
    },
    "title": "Oh Man !",
    "description": ""
  },
  "parent": "minecraft:end/root",
  "criteria": {
    "requirement": {
      "trigger": "minecraft:using_item",
      "conditions": {
        "player": [
          {
            "condition": "minecraft:entity_properties",
            "entity": "this",
            "predicate": {
              "player": {
                "looking_at": {
                  "type": "minecraft:enderman",
                  "location": {
                    "dimension": "minecraft:the_end"
                  }
                }
              }
            }
          }
        ],
        "item": {
          "items": [
            "minecraft:spyglass"
          ]
        }
      }
    }
  }
}
