{
  "display": {
    "icon": {
      "item": "minecraft:endermite_spawn_egg"
    },
    "title": "Good Luck Bobby !",
    "description": "",
    "frame": "goal"
  },
  "parent": "custom_adventure:spyglass/end/spyglass_at_enderman",
  "criteria": {
    "requirement": {
      "trigger": "minecraft:using_item",
      "conditions": {
        "player": [
          {
            "condition": "minecraft:entity_properties",
            "entity": "this",
            "predicate": {
              "player": {
                "looking_at": {
                  "type": "minecraft:endermite",
                  "nbt": "{CustomName:'{\"text\":\"Bobby\"}'}",
                  "location": {
                    "dimension": "minecraft:the_end"
                  }
                }
              }
            }
          }
        ],
        "item": {
          "items": [
            "minecraft:spyglass"
          ]
        }
      }
    }
  }
}
