{
  "display": {
    "icon": {
      "item": "minecraft:prismarine_shard"
    },
    "title": "Old Laser",
    "description": ""
  },
  "parent": "custom_adventure:spyglass/root",
  "criteria": {
    "requirement": {
      "trigger": "minecraft:using_item",
      "conditions": {
        "player": [
          {
            "condition": "minecraft:entity_properties",
            "entity": "this",
            "predicate": {
              "player": {
                "looking_at": {
                  "type": "minecraft:elder_guardian"
                }
              }
            }
          }
        ],
        "item": {
          "items": [
            "minecraft:spyglass"
          ]
        }
      }
    }
  }
}
