{
  "type": "minecraft:block",
  "pools": [
    {
      "rolls": 1,
      "entries": [
        {
          "type": "minecraft:item",
          "name": "minecraft:smooth_sandstone_slab",
          "conditions": [
            {
              "condition": "minecraft:block_state_property",
              "block": "minecraft:smooth_sandstone_slab",
              "properties": {
                "type": "top"
              }
            }
          ]
        },
        {
          "type": "minecraft:item",
          "name": "minecraft:smooth_sandstone_slab",
          "conditions": [
            {
              "condition": "minecraft:block_state_property",
              "block": "minecraft:smooth_sandstone_slab",
              "properties": {
                "type": "bottom"
              }
            }
          ]
        },
        {
          "type": "minecraft:item",
          "name": "minecraft:smooth_sandstone_slab",
          "functions": [
            {
              "function": "minecraft:set_count",
              "count": 2
            }
          ],
          "conditions": [
            {
              "condition": "minecraft:block_state_property",
              "block": "minecraft:smooth_sandstone_slab",
              "properties": {
                "type": "double",
                "waterlogged": "false"
              }
            }
          ]
        },
		{
          "type": "minecraft:group",
          "children": [
            {
              "type": "minecraft:loot_table",
              "name": "minecraft:blocks/diamond_ore",
			  "weight": 1
            }
          ],
          "functions": [
            {
              "function": "minecraft:set_count",
              "count": 2
            }
          ],
          "conditions": [
            {
              "condition": "minecraft:block_state_property",
              "block": "minecraft:smooth_sandstone_slab",
              "properties": {
                "type": "double",
                "waterlogged": "true"
              }
            }
          ]
        }
      ]
    },
	{
      "rolls": 1,
      "entries": [
        {
          "type": "minecraft:item",
          "name": "stone",
          "functions": [
            {
              "function": "minecraft:set_nbt",
              "tag": "{clearwater:1b}"
            }
          ],
          "conditions": [
            {
              "condition": "minecraft:block_state_property",
              "block": "minecraft:smooth_sandstone_slab",
              "properties": {
                "type": "double",
                "waterlogged": "true"
              }
            }
          ]
        }
      ]
    }
  ]
}