{
  "display": {
    "title": {
      "text": "Business is business",
      "bold": false,
      "strikethrough": false
    },
    "description": {
      "text": "Get one copy of each 14 main minerals"
    },
    "icon": {
      "item": "minecraft:iron_pickaxe"
    },
    "frame": "goal",
    "show_toast": true,
    "announce_to_chat": true,
    "hidden": false
  },
  "criteria": {
    "amethyst": {
      "trigger": "minecraft:inventory_changed",
      "conditions": {
        "items": [
          {
            "items": [ "minecraft:amethyst_shard" ],
            "count": {
              "min": 1,
              "max": 64
            }
          }
        ]
      }
    },
    "coal": {
      "trigger": "minecraft:inventory_changed",
      "conditions": {
        "items": [
          {
            "items": [ "minecraft:coal" ],
            "count": {
              "min": 1,
              "max": 64
            }
          }
        ]
      }
    },
    "copper": {
      "trigger": "minecraft:inventory_changed",
      "conditions": {
        "items": [
          {
            "items": [ "minecraft:copper_ingot" ],
            "count": {
              "min": 1,
              "max": 64
            }
          }
        ]
      }
    },
    "diamond": {
      "trigger": "minecraft:inventory_changed",
      "conditions": {
        "items": [
          {
            "items": [ "minecraft:diamond" ],
            "count": {
              "min": 1,
              "max": 64
            }
          }
        ]
      }
    },
    "emerald": {
      "trigger": "minecraft:inventory_changed",
      "conditions": {
        "items": [
          {
            "items": [ "minecraft:emerald" ],
            "count": {
              "min": 1,
              "max": 64
            }
          }
        ]
      }
    },
    "gold": {
      "trigger": "minecraft:inventory_changed",
      "conditions": {
        "items": [
          {
            "items": [ "minecraft:gold_ingot" ],
            "count": {
              "min": 1,
              "max": 64
            }
          }
        ]
      }
    },
    "iron": {
      "trigger": "minecraft:inventory_changed",
      "conditions": {
        "items": [
          {
            "items": [ "minecraft:iron_ingot" ],
            "count": {
              "min": 1,
              "max": 64
            }
          }
        ]
      }
    },
    "lapis": {
      "trigger": "minecraft:inventory_changed",
      "conditions": {
        "items": [
          {
            "items": [ "minecraft:lapis_lazuli" ],
            "count": {
              "min": 1,
              "max": 64
            }
          }
        ]
      }
    },
    "netherite": {
      "trigger": "minecraft:inventory_changed",
      "conditions": {
        "items": [
          {
            "items": [ "minecraft:netherite_ingot" ],
            "count": {
              "min": 1,
              "max": 64
            }
          }
        ]
      }
    },
    "quartz": {
      "trigger": "minecraft:inventory_changed",
      "conditions": {
        "items": [
          {
            "items": [ "minecraft:quartz" ],
            "count": {
              "min": 1,
              "max": 64
            }
          }
        ]
      }
    },
    "raw_copper": {
      "trigger": "minecraft:inventory_changed",
      "conditions": {
        "items": [
          {
            "items": [ "minecraft:raw_copper" ],
            "count": {
              "min": 1,
              "max": 64
            }
          }
        ]
      }
    },
    "raw_gold": {
      "trigger": "minecraft:inventory_changed",
      "conditions": {
        "items": [
          {
            "items": [ "minecraft:raw_gold" ],
            "count": {
              "min": 1,
              "max": 64
            }
          }
        ]
      }
    },
    "raw_iron": {
      "trigger": "minecraft:inventory_changed",
      "conditions": {
        "items": [
          {
            "items": [ "minecraft:raw_iron" ],
            "count": {
              "min": 1,
              "max": 64
            }
          }
        ]
      }
    },
    "redstone": {
      "trigger": "minecraft:inventory_changed",
      "conditions": {
        "items": [
          {
            "items": [ "minecraft:redstone" ],
            "count": {
              "min": 1,
              "max": 64
            }
          }
        ]
      }
    }
  },
    "rewards": {
      "function": "test:amethyst_reward"
    },
    "parent": "custom_adventure:root"
  }