{
  "display": {
    "icon": {
      "item": "minecraft:furnace_minecart"
    },
    "title": "Crazy Contraption !",
    "description": "Ride a pig in a boat in a minecart. A strider must be in the boat too",
    "frame": "goal"
  },
  "parent": "custom_adventure:transportation_start",
  "criteria": {
    "requirement": {
      "trigger": "minecraft:started_riding",
      "conditions": {
        "player": [
          {
            "condition": "minecraft:entity_properties",
            "entity": "this",
            "predicate": {
              "vehicle": {
                "type": "minecraft:pig",

                "vehicle": {
                  "type": "minecraft:boat",
                  "vehicle": {
                    "type": "minecraft:minecart"
                  },
                  "passenger": {
                    "type": "minecraft:strider"
                  }
                }
              }
            }
          }
        ]
      }
    }
  }
}
