{
  "display": {
    "icon": {
      "item": "minecraft:diamond_block"
    },
    "title": "Nice",
    "description": "Walk 69,420m"
  },
  "parent": "custom_adventure:root",
  "criteria": {
    "requirement": {
      "trigger": "minecraft:enter_block",
      "conditions": {
        "player": [
          {
            "condition": "minecraft:entity_properties",
            "entity": "this",
            "predicate": {
              "player": {
                "stats": [
                  {
                    "type": "minecraft:custom",
                    "stat": "minecraft:walk_one_cm",
                    "value": 69420
                  }
                ]
              }
            }
          }
        ]
      }
    }
  }
}
