{
  "display": {
    "icon": {
      "item": "minecraft:chest_minecart"
    },
    "title": "Crazy Rider !",
    "description": "Ride a pig which is riding a boat with a strider mounted by another strider. The boat is riding a minecart. You also need to be holding two buckets, one with an axolotl in your main hand and the other with a fish and have an elytra equipped.",
    "frame": "challenge"
  },
  "parent": "custom_adventure:crazy_contraption",
  "criteria": {
    "requirement": {
      "trigger": "minecraft:started_riding",
      "conditions": {
        "player": [
          {
            "condition": "minecraft:entity_properties",
            "entity": "this",
            "predicate": {
              "equipment": {
                "chest": {
                  "items": [
                    "minecraft:elytra"
                  ]
                },
                "mainhand": {
                  "items": [
                    "minecraft:axolotl_bucket"
                  ]
                },
                "offhand": {
                  "items": [
                    "minecraft:tropical_fish_bucket"
                  ]
                }
              },
              "vehicle": {
                "type": "minecraft:pig",

                "vehicle": {
                  "type": "minecraft:boat",
                  "vehicle": {
                    "type": "minecraft:minecart"
                  },
                  "passenger": {
                    "type": "minecraft:strider",
                    "passenger": {
                      "type": "minecraft:strider"
                    }
                  }
                }
              }
            }
          }
        ]
      }
    }
  }
}
