{
  "display": {
    "icon": {
      "item": "minecraft:end_rod"
    },
    "title": "Martian Pig",
    "description": "Breed two pigs within the walls of an endcity",
    "frame": "challenge"
  },
  "parent": "minecraft:end/find_end_city",
  "criteria": {
    "requirement": {
      "trigger": "minecraft:bred_animals",
      "conditions": {
        "parent": [
          {
            "condition": "minecraft:entity_properties",
            "entity": "this",
            "predicate": {
              "type": "minecraft:pig",
              "location": {
                "feature": "endcity",
                "dimension": "minecraft:the_end"
              }
            }
          }
        ],
        "partner": [
          {
            "condition": "minecraft:entity_properties",
            "entity": "this",
            "predicate": {
              "type": "minecraft:pig",
              "location": {
                "feature": "endcity",
                "dimension": "minecraft:the_end"
              }
            }
          }
        ]
      }
    }
  }
}
