{
  "type": "minecraft:decorated",
  "config": {
    "decorator": {
      "type": "minecraft:count_noise_biased",
      "config": {
        "noise_to_count_ratio": -1,
        "noise_factor": 1000,
        "noise_offset": 0.2
      }
    },
    "feature": {
      "type": "minecraft:decorated",
      "config": {
        "decorator": {
          "type": "minecraft:count_noise_biased",
          "config": {
            "noise_to_count_ratio": 1,
            "noise_factor": 250,
            "noise_offset": 0
          }
        },
        "feature": "wythers:deep_lukewarm_ocean/block_pile_smooth_sandstone"
      }
    }
  }
}
