{
  "surface_builder": "wythers:rocky_mountains",
  "depth": 0.15,
  "scale": 0.3,
  "temperature": 0.6,
  "downfall": 0.6,
  "precipitation": "none",
  "category": "plains",
  "player_spawn_friendly": true,
  "effects": {
    "sky_color": 8037887,
    "fog_color": 12638463,
    "water_color": 4445678,
    "water_fog_color": 4445678,
    "grass_color": 10461509,
    "foliage_color": 7640630,
    "mood_sound": {
      "sound": "minecraft:ambient.cave",
      "tick_delay": 6000,
      "block_search_extent": 8,
      "offset": 2
    }
  },
  "starts": [
    "more_structures:village_deep_lukewarm_ocean",
    "more_structures:pillager_outpost_deep_lukewarm_ocean",
    "more_structures:bastion_remnant_deep_lukewarm_ocean",
    "minecraft:mineshaft",
    "minecraft:stronghold",
    "minecraft:ruined_portal"
  ],
  "spawners": {
    "monster": [
      {
        "type": "minecraft:spider",
        "weight": 100,
        "minCount": 4,
        "maxCount": 4
      },
      {
        "type": "minecraft:zombie",
        "weight": 95,
        "minCount": 4,
        "maxCount": 4
      },
      {
        "type": "minecraft:zombie_villager",
        "weight": 5,
        "minCount": 1,
        "maxCount": 1
      },
      {
        "type": "minecraft:skeleton",
        "weight": 100,
        "minCount": 4,
        "maxCount": 4
      },
      {
        "type": "minecraft:creeper",
        "weight": 100,
        "minCount": 4,
        "maxCount": 4
      },
      {
        "type": "minecraft:slime",
        "weight": 100,
        "minCount": 4,
        "maxCount": 4
      },
      {
        "type": "minecraft:enderman",
        "weight": 10,
        "minCount": 1,
        "maxCount": 4
      },
      {
        "type": "minecraft:witch",
        "weight": 5,
        "minCount": 1,
        "maxCount": 1
      }
    ],
    "creature": [
      {
        "type": "minecraft:sheep",
        "weight": 12,
        "minCount": 4,
        "maxCount": 4
      },
      {
        "type": "minecraft:goat",
        "weight": 12,
        "minCount": 4,
        "maxCount": 4
      }
    ],
    "ambient": [
      {
        "type": "minecraft:bat",
        "weight": 10,
        "minCount": 8,
        "maxCount": 8
      }
    ],
    "water_creature": [],
    "water_ambient": [
      {
        "type": "minecraft:cod",
        "weight": 5,
        "minCount": 1,
        "maxCount": 5
      }
    ],
    "misc": []
  },
  "spawn_costs": {},
  "carvers": {
    "air": [
      "minecraft:cave"
    ]
  },
  "features": [
    [],
    [],
    [
      "minecraft:amethyst_geode"
    ],
    [
      "wythers:deep_lukewarm_ocean/cnb_fossils_greek",
      "wythers:deep_lukewarm_ocean/patch_stone",
      "minecraft:monster_room"
    ],
    [],
    [],
    [
      "wythers:deep_lukewarm_ocean/disk_sand_seafloor",
      "wythers:deep_lukewarm_ocean/cnb_diorite_ore_vein",
      "wythers:deep_lukewarm_ocean/cnb_calcite_ore_vein",
      "wythers:deep_lukewarm_ocean/cnb_dead_coral_ore_vein",
      "wythers:deep_lukewarm_ocean/cnb_sandstone_ore_vein",
      "wythers:deep_lukewarm_ocean/cnb_ore_sand_in_grass",
      "wythers:deep_lukewarm_ocean/cnb_ore_sand_in_grass_uniform",
      "wythers:deep_lukewarm_ocean/cnb_vegetation_palms",
      "minecraft:ore_dirt",
      "minecraft:ore_gravel",
      "minecraft:ore_granite",
      "minecraft:ore_diorite",
      "minecraft:ore_andesite",
      "minecraft:ore_tuff",
      "minecraft:ore_deepslate",
      "minecraft:ore_coal",
      "minecraft:ore_iron",
      "minecraft:ore_gold",
      "minecraft:ore_redstone",
      "minecraft:ore_diamond",
      "minecraft:ore_lapis",
      "minecraft:ore_copper",
      "wythers:generic/disk_sand_beach",
      "wythers:generic/disk_clay"
    ],
    [
      "minecraft:rare_dripstone_cluster",
      "minecraft:rare_small_dripstone",
      "wythers:deep_lukewarm_ocean/ore_dead_bubble_coral",
      "wythers:deep_lukewarm_ocean/ore_dead_tube_coral",
      "wythers:deep_lukewarm_ocean/ore_dead_fire_coral",
      "wythers:deep_lukewarm_ocean/ore_dead_horn_coral"
    ],
    [
      "minecraft:glow_lichen",
      "wythers:deep_lukewarm_ocean/cnb_sweet_berry_bush",
      "wythers:deep_lukewarm_ocean/cnb_patch_pillars_base",
      "wythers:deep_lukewarm_ocean/cnb_patch_pillars_middle",
      "wythers:deep_lukewarm_ocean/cnb_mediterranean_woods",
      "wythers:deep_lukewarm_ocean/cnb_mediterranean_bushes",
      "wythers:deep_lukewarm_ocean/cnb_aruban_bushes",
      "wythers:deep_lukewarm_ocean/cnb_aruban_cactus",
      "wythers:deep_lukewarm_ocean/cnb_patch_sugar_cane",
      "wythers:deep_lukewarm_ocean/cnb_lilacs",
      "minecraft:patch_grass_savanna",
      "minecraft:brown_mushroom_normal",
      "minecraft:red_mushroom_normal",
      "minecraft:spring_water",
      "wythers:generic/patch_stones_south_1",
      "wythers:generic/patch_stones_east_1"
    ],
    [
      "minecraft:freeze_top_layer",
      "wythers:caves/hanging_roots",
      "wythers:caves/grass_roots"
    ]
  ]
}
