{
  "type": "minecraft:decorated",
  "config": {
    "decorator": {
      "type": "minecraft:count_extra",
      "config": {
        "count": 128,
        "extra_count": 0,
        "extra_chance": 0
      }
    },
    "feature": {
      "type": "minecraft:decorated",
      "config": {
        "decorator": {
          "type": "decorated",
          "config": {
            "outer": {
              "type": "minecraft:water_depth_threshold",
              "config": {
                "max_water_depth": 0
              }
            },
            "inner": {
              "type": "minecraft:heightmap",
              "config": {
                "heightmap": "WORLD_SURFACE_WG"
              }
            }
          }
        },
        "feature": {
          "type": "minecraft:tree",
          "config": {
            "ignore_vines": false,
            "minimum_size": {
              "type": "minecraft:two_layers_feature_size",
              "limit": 0,
              "lower_size": 0,
              "upper_size": 0
            },
            "trunk_provider": {
              "type": "minecraft:simple_state_provider",
              "state": {
                "Name": "minecraft:dark_oak_log",
                "Properties": {
                  "axis": "y"
                }
              }
            },
            "trunk_placer": {
              "type": "minecraft:straight_trunk_placer",
              "base_height": 1,
              "height_rand_a": 18,
              "height_rand_b": 0
            },
            "foliage_placer": {
              "type": "minecraft:blob_foliage_placer",
              "radius": 1,
              "offset": 0,
              "height": 3
            },
            "decorators": [],
            "foliage_provider": {
              "type": "minecraft:simple_state_provider",
              "state": {
                "Name": "minecraft:dark_oak_log",
                "Properties": {
                  "axis": "y"
                }
              }
            },
            "force_dirt": false,
            "dirt_provider": {
              "type": "minecraft:simple_state_provider",
              "state": {
                "Name": "minecraft:dirt"
              }
            },
            "sapling_provider": {
              "type": "minecraft:simple_state_provider",
              "state": {
                "Name": "minecraft:oak_sapling",
                "Properties": {
                  "stage": "0"
                }
              }
            }
          }
        }
      }
    }
  }
}
