{
  "type": "minecraft:decorated",
  "config": {
    "decorator": {
      "type": "minecraft:count_noise_biased",
      "config": {
        "noise_to_count_ratio": 100,
        "noise_factor": 150,
        "noise_offset": 0
      }
    },
    "feature": {
      "type": "minecraft:decorated",
      "config": {
        "decorator": {
          "type": "minecraft:decorated",
          "config": {
            "outer": {
              "type": "minecraft:square",
              "config": {}
            },
            "inner": {
              "type": "minecraft:heightmap_spread_double",
              "config": {
                "heightmap": "MOTION_BLOCKING"
              }
            }
          }
        },
        "feature": "wythers:badlands/feature_cactus_tall"
      }
    }
  }
}
