{
  "type": "minecraft:decorated",
  "config": {
    "decorator": {
      "type": "minecraft:count_noise_biased",
      "config": {
        "noise_to_count_ratio": 2000,
        "noise_factor": 150,
        "noise_offset": 0
      }
    },
    "feature": {
      "type": "minecraft:decorated",
      "config": {
        "decorator": {
          "type": "minecraft:square",
          "config": {}
        },
        "feature": {
          "type": "minecraft:decorated",
          "config": {
            "decorator": {
              "type": "minecraft:decorated",
              "config": {
                "outer": {
                  "type": "minecraft:heightmap",
                  "config": {
                    "heightmap": "MOTION_BLOCKING"
                  }
                },
                "inner": {
                  "type": "minecraft:square",
                  "config": {}
                }
              }
            },
            "feature": {
              "type": "minecraft:simple_block",
              "config": {
                "to_place": {
                  "type": "minecraft:simple_state_provider",
                  "state": {
                    "Name": "minecraft:grass_block",
                    "Properties": {
                      "snowy": "false"
                    }
                  }
                },
                "place_on": [
                  {
                    "Name": "minecraft:red_sand"
                  }
                ],
                "place_in": [
                  {
                    "Name": "minecraft:red_sand"
                  }
                ],
                "place_under": [
                  {
                    "Name": "minecraft:air"
                  }
                ]
              }
            }
          }
        }
      }
    }
  }
}
