{
  "type": "minecraft:decorated",
  "config": {
    "decorator": {
      "type": "minecraft:count_extra",
      "config": {
        "count": 2000,
        "extra_count": 0,
        "extra_chance": 0
      }
    },
    "feature": {
      "type": "minecraft:decorated",
      "config": {
        "decorator": {
          "type": "minecraft:decorated",
          "config": {
            "outer": {
              "type": "minecraft:square",
              "config": {}
            },
            "inner": {
              "type": "minecraft:heightmap",
              "config": {
                "heightmap": "OCEAN_FLOOR_WG"
              }
            }
          }
        },
        "feature": {
          "type": "minecraft:disk",
          "config": {
            "state": {
              "Name": "minecraft:smooth_red_sandstone"
            },
            "radius": {
              "type": "minecraft:uniform",
              "value": {
                "min_inclusive": 2,
                "max_inclusive": 4
              }
            },
            "half_height": 1,
            "targets": [
              {
                "Name": "minecraft:grass_block",
                "Properties": {
                  "snowy": "false"
                }
              },
              {
                "Name": "minecraft:red_sand"
              }
            ]
          }
        }
      }
    }
  }
}
