{
  "config": {
    "feature": {
      "config": {
        "feature": {
          "config": {
            "feature": {
              "config": {
                "can_replace": false,
                "project": true,
                "need_water": false,
                "xspread": 7,
                "yspread": 3,
                "zspread": 7,
                "whitelist": [
                  {
                    "Properties": {
                      "snowy": "false"
                    },
                    "Name": "minecraft:grass_block"
                  }
                ],
                "blacklist": [],
                "tries": 64,
                "state_provider": {
                  "entries": [
                    {
                      "weight": 2,
                      "data": {
                        "Properties": {
                          "age": "1"
                        },
                        "Name": "minecraft:sweet_berry_bush"
                      }
                    },
                    {
                      "weight": 1,
                      "data": {
                        "Properties": {
                          "age": "2"
                        },
                        "Name": "minecraft:sweet_berry_bush"
                      }
                    }
                  ],
                  "type": "minecraft:weighted_state_provider"
                },
                "block_placer": {
                  "type": "minecraft:simple_block_placer"
                }
              },
              "type": "minecraft:no_bonemeal_flower"
            },
            "decorator": {
              "config": {},
              "type": "minecraft:spread_32_above"
            }
          },
          "type": "minecraft:decorated"
        },
        "decorator": {
          "config": {
            "outer": {
              "config": {},
              "type": "minecraft:square"
            },
            "inner": {
              "config": {
                "heightmap": "MOTION_BLOCKING"
              },
              "type": "minecraft:heightmap"
            }
          },
          "type": "minecraft:decorated"
        }
      },
      "type": "minecraft:decorated"
    },
    "decorator": {
      "config": {
        "count": 2
      },
      "type": "minecraft:count"
    }
  },
  "type": "minecraft:decorated"
}
