{
  "type": "minecraft:decorated",
  "config": {
    "decorator": {
      "type": "minecraft:count_extra",
      "config": {
        "count": 60000,
        "extra_count": 0,
        "extra_chance": 0
      }
    },
    "feature": {
      "type": "minecraft:decorated",
      "config": {
        "decorator": {
          "type": "minecraft:square",
          "config": {}
        },
        "feature": {
          "type": "minecraft:decorated",
          "config": {
            "decorator": {
              "type": "minecraft:range",
              "config": {
                "height": {
                  "type": "minecraft:uniform",
                  "min_inclusive": {
                    "absolute": 60
                  },
                  "max_inclusive": {
                    "absolute": 84
                  }
                }
              }
            },
            "feature": {
              "type": "minecraft:simple_block",
              "config": {
                "to_place": {
                  "type": "minecraft:simple_state_provider",
                  "state": {
                    "Name": "minecraft:cactus",
                    "Properties": {
                      "age": "15"
                    }
                  }
                },
                "place_on": [
                  {
                    "Name": "minecraft:cactus",
                    "Properties": {
                      "age": "10"
                    }
                  },
                  {
                    "Name": "minecraft:cactus",
                    "Properties": {
                      "age": "9"
                    }
                  },
                  {
                    "Name": "minecraft:cactus",
                    "Properties": {
                      "age": "8"
                    }
                  },
                  {
                    "Name": "minecraft:cactus",
                    "Properties": {
                      "age": "0"
                    }
                  }
                ],
                "place_in": [
                  {
                    "Name": "minecraft:air"
                  }
                ],
                "place_under": [
                  {
                    "Name": "minecraft:air"
                  }
                ]
              }
            }
          }
        }
      }
    }
  }
}
