{
    "condition": "alternative",
    "terms": [
        {
            "condition": "entity_properties",
            "entity": "this",
            "predicate": {
                "type": "item",
                "nbt": "{Tags:[\"BowEnch\",\"MiscEnch\"]}"
            }
        },
        {
            "condition": "entity_properties",
            "entity": "this",
            "predicate": {
                "type": "item",
                "nbt": "{Tags:[\"CrossbowEnch\",\"MiscEnch\"]}"
            }
        }
    ]
}