{
  "pools": [
    {
      "rolls": 1,
      "entries": [
        {
          "type": "minecraft:item",
          "name": "minecraft:map",
          "functions": [
            {
              "function": "minecraft:exploration_map",
              "destination": "fortress",
              "decoration": "red_x",
              "zoom": 4,
              "search_radius": 50,
              "skip_existing_chunks": true
            },
            {
              "function": "minecraft:set_nbt",
              "tag": "{display:{Name:'{\"text\":\"Nether Fotress\",\"color\":\"dark_red\",\"italic\":false}',MapColor:5179657,MapType:1b}}"
            }
          ]
        }
      ]
    }
  ]
}