{
    "display": {
        "icon": {
            "item": "minecraft:bow"
        },
        "title": {"translate":"Bow down to me!"},
        "description": {"color":"#75E1FF","translate":"Obtain Power V"},
		"frame": "goal"
    },
    "parent": "blazeandcave:enchanting/librarian",
    "rewards": {
		"function": "bc_rewards:enchanting/bow_down_to_me"
    },			
    "criteria": {
        "power": {
            "trigger": "minecraft:inventory_changed",
            "conditions": {
				"items": [
					{
						"enchantments": [
							{
								"enchantment": "minecraft:power",
								"levels": 5
							}
						]
					}
				]
			}
		},
        "power_book": {
            "trigger": "minecraft:inventory_changed",
            "conditions": {
				"items": [
					{
						"stored_enchantments": [
							{
								"enchantment": "minecraft:power",
								"levels": 5
							}
						]
					}
				]
			}
		}
    },	
    "requirements": [
        [
            "power",
            "power_book"
		]
    ]
}