{
    "display": {
        "icon": {
            "item": "minecraft:bow",
			"nbt": "{Enchantments:[{id:\"minecraft:unbreaking\",lvl:1}]}"
        },
        "title": {"translate":"Master Sniper"},
        "description": {"translate":"Create a bow with all possible enchantments at max level"},
		"frame": "challenge"
    },
    "parent": "blazeandcave:enchanting/master_knight",
    "rewards": {
		"function": "bc_rewards:enchanting/master_sniper"
    },		
    "criteria": {
        "perfect_bow_infinity": {
            "trigger": "minecraft:inventory_changed",
            "conditions": {
				"items": [
                    {
						"items": [
							"minecraft:bow"
						],
						"enchantments": [
							{
								"enchantment": "minecraft:power",
								"levels": 5
							},
							{
								"enchantment": "minecraft:punch",
								"levels": 2
							},
							{
								"enchantment": "minecraft:flame",
								"levels": 1
							},
							{
								"enchantment": "minecraft:infinity",
								"levels": 1
							},
							{
								"enchantment": "minecraft:unbreaking",
								"levels": 3
							}	
						]
                    }
                ]
            }
        },
        "perfect_bow_mending": {
            "trigger": "minecraft:inventory_changed",
            "conditions": {
				"items": [
                    {
						"items": [
							"minecraft:bow"
						],
						"enchantments": [
							{
								"enchantment": "minecraft:power",
								"levels": 5
							},
							{
								"enchantment": "minecraft:punch",
								"levels": 2
							},
							{
								"enchantment": "minecraft:flame",
								"levels": 1
							},
							{
								"enchantment": "minecraft:mending",
								"levels": 1
							},
							{
								"enchantment": "minecraft:unbreaking",
								"levels": 3
							}	
						]
                    }
                ]
            }
        }
    },
    "requirements": [
        [
            "perfect_bow_infinity",
            "perfect_bow_mending"
        ]
    ]
}