{
    "display": {
        "icon": {
            "item": "minecraft:diamond_axe",
			"nbt": "{Enchantments:[{id:\"minecraft:unbreaking\",lvl:1}]}"
        },
        "title": {"translate":"Master Axeman"},
        "description": {"translate":"Create an axe with all possible enchantments at max level"},
		"frame": "challenge"
    },
    "parent": "blazeandcave:enchanting/master_digger",
    "rewards": {
		"function": "bc_rewards:enchanting/master_axeman"
    },		
    "criteria": {
        "perfect_axe_fortune": {
            "trigger": "minecraft:inventory_changed",
            "conditions": {
				"items": [
                    {
                        "tag": "blazeandcave:master_axes",
						"enchantments": [
							{
								"enchantment": "minecraft:sharpness",
								"levels": 5
							},
							{
								"enchantment": "minecraft:efficiency",
								"levels": 5
							},
							{
								"enchantment": "minecraft:fortune",
								"levels": 3
							},
							{
								"enchantment": "minecraft:unbreaking",
								"levels": 3
							},
							{
								"enchantment": "minecraft:mending",
								"levels": 1
							}	
						]
                    }
                ]
            }
        },
        "perfect_axe_silk_touch": {
            "trigger": "minecraft:inventory_changed",
            "conditions": {
				"items": [
                    {
                        "tag": "blazeandcave:master_axes",
						"enchantments": [
							{
								"enchantment": "minecraft:sharpness",
								"levels": 5
							},
							{
								"enchantment": "minecraft:efficiency",
								"levels": 5
							},
							{
								"enchantment": "minecraft:silk_touch",
								"levels": 1
							},
							{
								"enchantment": "minecraft:unbreaking",
								"levels": 3
							},
							{
								"enchantment": "minecraft:mending",
								"levels": 1
							}	
						]
                    }
                ]
            }
        },
        "perfect_axe_fortune_smite": {
            "trigger": "minecraft:inventory_changed",
            "conditions": {
				"items": [
                    {
                        "tag": "blazeandcave:master_axes",
						"enchantments": [
							{
								"enchantment": "minecraft:smite",
								"levels": 5
							},
							{
								"enchantment": "minecraft:efficiency",
								"levels": 5
							},
							{
								"enchantment": "minecraft:fortune",
								"levels": 3
							},
							{
								"enchantment": "minecraft:unbreaking",
								"levels": 3
							},
							{
								"enchantment": "minecraft:mending",
								"levels": 1
							}	
						]
                    }
                ]
            }
        },
        "perfect_axe_silk_touch_smite": {
            "trigger": "minecraft:inventory_changed",
            "conditions": {
				"items": [
                    {
                        "tag": "blazeandcave:master_axes",
						"enchantments": [
							{
								"enchantment": "minecraft:smite",
								"levels": 5
							},
							{
								"enchantment": "minecraft:efficiency",
								"levels": 5
							},
							{
								"enchantment": "minecraft:silk_touch",
								"levels": 1
							},
							{
								"enchantment": "minecraft:unbreaking",
								"levels": 3
							},
							{
								"enchantment": "minecraft:mending",
								"levels": 1
							}	
						]
                    }
                ]
            }
        },
        "perfect_axe_fortune_bane": {
            "trigger": "minecraft:inventory_changed",
            "conditions": {
				"items": [
                    {
                        "tag": "blazeandcave:master_axes",
						"enchantments": [
							{
								"enchantment": "minecraft:bane_of_arthropods",
								"levels": 5
							},
							{
								"enchantment": "minecraft:efficiency",
								"levels": 5
							},
							{
								"enchantment": "minecraft:fortune",
								"levels": 3
							},
							{
								"enchantment": "minecraft:unbreaking",
								"levels": 3
							},
							{
								"enchantment": "minecraft:mending",
								"levels": 1
							}	
						]
                    }
                ]
            }
        },
        "perfect_axe_silk_touch_bane": {
            "trigger": "minecraft:inventory_changed",
            "conditions": {
				"items": [
                    {
                        "tag": "blazeandcave:master_axes",
						"enchantments": [
							{
								"enchantment": "minecraft:bane_of_arthropods",
								"levels": 5
							},
							{
								"enchantment": "minecraft:efficiency",
								"levels": 5
							},
							{
								"enchantment": "minecraft:silk_touch",
								"levels": 1
							},
							{
								"enchantment": "minecraft:unbreaking",
								"levels": 3
							},
							{
								"enchantment": "minecraft:mending",
								"levels": 1
							}	
						]
                    }
                ]
            }
        }
    },	
    "requirements": [
        [
            "perfect_axe_fortune",
            "perfect_axe_silk_touch",
            "perfect_axe_fortune_smite",
            "perfect_axe_silk_touch_smite",
            "perfect_axe_fortune_bane",
            "perfect_axe_silk_touch_bane"
		]
    ]
}