{
    "display": {
        "icon": {
            "item": "minecraft:iron_sword"
        },
        "title": {"translate":"Needle Sharp"},
        "description": {"color":"#75E1FF","translate":"Obtain Sharpness V"},
		"frame": "goal"
    },
    "parent": "blazeandcave:enchanting/librarian",
    "rewards": {
		"function": "bc_rewards:enchanting/needle_sharp"
    },			
    "criteria": {
        "sharpness": {
            "trigger": "minecraft:inventory_changed",
            "conditions": {
				"items": [
					{
						"enchantments": [
							{
								"enchantment": "minecraft:sharpness",
								"levels": 5
							}
						]
					}
				]
			}
		},
        "sharpness_book": {
            "trigger": "minecraft:inventory_changed",
            "conditions": {
				"items": [
					{
						"stored_enchantments": [
							{
								"enchantment": "minecraft:sharpness",
								"levels": 5
							}
						]
					}
				]
			}
		}
    },	
    "requirements": [
        [
            "sharpness",
            "sharpness_book"
		]
    ]
}