{
  "type": "minecraft:decorated",
  "config": {
    "decorator": {
      "type": "minecraft:count",
      "config": {
        "count": 64
      }
    },
    "feature": {
      "type": "minecraft:decorated",
      "config": {
        "decorator": {
          "type": "minecraft:square",
          "config": {}
        },
        "feature": {
          "type": "minecraft:decorated",
          "config": {
            "decorator": {
              "type": "minecraft:range",
              "config": {
                "height": {
                  "type": "minecraft:uniform",
                  "min_inclusive": {
                    "absolute": 62
                  },
                  "max_inclusive": {
                    "absolute": 70
                  }
                }
              }
            },
            "feature": {
              "type": "minecraft:simple_block",
              "config": {
                "to_place": {
                  "type": "minecraft:simple_state_provider",
                  "state": {
                    "Name": "minecraft:grass"
                  }
                },
                "place_on": [
                  {
                    "Name": "minecraft:sand"
                  }
                ],
                "place_in": [
                  {
                    "Name": "minecraft:air"
                  }
                ],
                "place_under": [
                  {
                    "Name": "minecraft:air"
                  }
                ]
              }
            }
          }
        }
      }
    }
  }
}